ISBN,Titulo,AÃ±o_Publicacion,Autor,Categoria
166547790-3,Honorable,1521,787840,480
637976206-X,Rev,2006,503695,251
430748576-9,Ms,481,277721,10
892273768-9,Mr,1684,686920,447
782778944-7,Mr,1125,283947,805
996550609-4,Mrs,318,433075,355
752365234-4,Ms,529,395091,157
172816868-6,Mrs,1631,712788,902
989417262-8,Honorable,1715,749866,402
467152161-X,Mr,1137,927942,522
787335510-1,Ms,628,948173,422
463819311-0,Honorable,1175,741722,34
440739790-X,Mrs,713,930530,604
599321613-1,Mrs,1050,800165,430
965060114-7,Honorable,1887,813500,508
119564924-X,Honorable,749,105447,284
727895923-3,Rev,759,705463,809
183418722-2,Honorable,1310,456724,538
142737926-2,Honorable,459,640122,465
050768358-7,Mr,1580,400884,461
526494979-4,Mrs,1488,968276,76
178063182-0,Ms,855,741809,93
273569356-2,Rev,1320,296357,264
455593610-8,Mr,1039,749649,429
836436228-3,Rev,1100,796030,779
298587557-9,Mrs,169,684522,157
310361097-1,Mrs,1343,654884,283
717622515-X,Rev,600,11892,873
770885375-3,Dr,1621,145756,47
673796724-8,Mr,1967,679603,343
059040619-1,Honorable,1297,267898,582
240985794-9,Honorable,400,866876,983
850724323-1,Honorable,1515,695321,967
151617826-2,Rev,39,555210,102
290885017-6,Dr,1972,98107,791
345617705-4,Honorable,1314,437417,402
425949385-X,Dr,1970,753347,489
367320942-6,Honorable,1790,98151,558
236963463-4,Mrs,506,297741,554
678959711-5,Ms,1527,876475,356
914147360-4,Honorable,325,402329,850
338784849-8,Dr,25,59802,540
136547799-1,Mr,1791,146459,8
582019783-6,Rev,986,893794,575
878349786-2,Honorable,387,452457,569
315199303-6,Rev,237,783144,193
931990471-5,Mrs,1335,479141,656
091506360-3,Mr,1208,701501,615
753497338-4,Rev,1646,230982,253
657409642-1,Ms,241,907554,894
149226774-0,Ms,51,79835,576
874139168-3,Mrs,1223,955849,258
343817529-0,Ms,754,227356,623
276342215-2,Ms,1787,343731,323
367724622-9,Rev,978,217427,149
572670356-1,Honorable,1580,451560,721
699604452-9,Dr,455,653674,775
017393800-0,Mr,1506,482898,860
672085845-9,Honorable,287,627605,201
730372688-8,Mrs,22,632199,608
106124230-7,Mr,1378,211916,972
138829856-2,Rev,913,757399,258
559636375-8,Mr,1476,745086,320
596434025-3,Mrs,834,231009,221
666762001-5,Mr,1326,815800,398
298883150-5,Mrs,1208,931050,502
777405223-2,Ms,1264,552676,322
162973236-2,Honorable,1889,900212,683
315105647-4,Honorable,1061,186239,553
189907096-6,Dr,317,392514,932
225323698-5,Ms,1032,679846,24
921177958-8,Dr,716,274711,910
543856594-5,Honorable,1253,75392,994
083553435-9,Dr,312,657206,275
495245584-X,Mrs,1791,46896,577
699305346-2,Ms,1062,296293,87
598763100-9,Mr,507,285166,577
553587281-4,Ms,817,695678,489
811574438-7,Honorable,2012,475331,159
221966068-0,Mr,1344,885030,846
567044214-8,Rev,1884,452039,218
893283342-7,Mr,196,593204,234
641266931-0,Dr,1753,628512,265
306813827-2,Honorable,813,441733,794
574625666-8,Honorable,1926,453454,371
546039368-X,Dr,290,843035,338
203287012-6,Ms,245,128250,65
089194493-1,Mr,696,845145,297
358162348-X,Mr,532,826657,450
672946308-2,Rev,1822,242922,113
150147877-X,Ms,1489,788898,187
377726838-0,Ms,874,425906,583
790564314-X,Ms,935,835881,125
958582609-7,Rev,733,94528,22
460099736-0,Honorable,1154,9346,408
239603103-1,Rev,1374,492034,715
780998016-5,Ms,966,791499,791
826293376-1,Mr,858,322491,892
863709162-8,Rev,495,489527,324
599024029-5,Mr,509,686602,285
411169813-1,Mrs,241,800735,190
711460863-2,Mr,1677,491585,720
515147302-6,Mr,1244,394706,480
158152878-7,Mrs,1589,84658,11
425046278-1,Honorable,1212,560164,689
935353157-8,Ms,1799,337229,56
485132696-3,Mr,610,291955,174
407284950-2,Mrs,1876,549636,971
188327591-1,Mrs,407,1175,553
340811366-1,Ms,98,665,589
189377454-6,Mrs,1920,296446,517
720457467-2,Dr,1653,227544,393
590758435-1,Rev,606,223015,902
437318451-8,Honorable,976,195894,206
700837813-0,Honorable,428,56965,842
950396538-1,Dr,630,422389,25
689639713-6,Rev,1784,796683,695
622112834-X,Dr,1595,110860,331
368805227-7,Dr,525,830181,660
874757910-2,Rev,1696,897893,279
059313375-7,Rev,1900,553569,658
030905048-0,Mrs,1679,504234,809
373228971-0,Ms,1562,632610,832
701352443-3,Honorable,1168,974727,339
068217122-0,Rev,1015,932778,294
013021610-0,Mrs,1801,770419,124
087776063-2,Honorable,1149,71320,911
923583607-7,Dr,1048,965854,516
582272620-8,Dr,284,977247,574
856674583-3,Ms,358,112455,342
887220573-5,Mrs,1887,755506,364
170520596-8,Mr,715,333905,386
737058082-2,Ms,318,512138,463
720122759-9,Honorable,1152,677789,269
686228959-4,Mrs,843,255738,756
240959657-6,Ms,1884,114749,568
564240253-6,Dr,1915,815021,981
212761663-4,Mrs,887,109399,159
194323199-0,Ms,555,832100,108
957232935-9,Ms,98,34919,757
436140383-X,Ms,58,146439,511
403407680-1,Honorable,440,442179,27
585434268-5,Rev,1204,311574,660
070174249-6,Mr,768,347628,480
700402650-7,Mrs,1401,194679,424
481369421-7,Honorable,276,1900,215
744770139-4,Honorable,680,82554,649
609009657-1,Mr,1308,564546,971
612599097-4,Dr,94,386799,560
175148901-9,Rev,701,593847,449
917891335-7,Mr,974,730534,351
712461004-4,Mrs,134,888420,890
891187533-3,Ms,1037,743950,462
129686904-0,Ms,359,361318,234
341182438-7,Mrs,613,669747,166
486673225-3,Ms,153,292249,599
988072296-5,Dr,1044,199105,62
919125670-4,Ms,1347,838379,398
459122751-0,Mr,794,414347,549
129810698-2,Ms,735,805718,823
837166893-7,Mr,1377,578270,122
941965708-6,Mr,1926,740567,345
487341853-4,Honorable,1026,906948,747
233783596-0,Mrs,283,675655,442
861121293-2,Honorable,229,267979,612
677850008-5,Mr,195,50585,394
888102806-9,Honorable,994,45435,987
920053937-8,Mr,1736,470445,242
887315160-4,Mrs,1660,729118,988
740458713-1,Mr,1951,179836,101
119946058-3,Ms,1439,716200,569
368715621-4,Mr,799,280270,708
787302872-0,Honorable,771,171713,528
663395988-5,Mr,261,797136,670
653267131-2,Ms,519,350246,383
978115913-8,Mrs,1631,463755,93
071550682-X,Dr,1973,723699,1
412577664-4,Ms,1000,268236,251
497549088-9,Dr,600,380866,449
676829491-1,Mr,736,931076,533
436219305-7,Honorable,1274,986952,603
609587481-5,Honorable,1688,141540,42
672178621-4,Dr,440,525513,784
948838740-8,Mrs,1763,42151,323
905235017-5,Dr,1761,364808,542
102055679-X,Ms,846,568252,950
187784867-0,Honorable,137,466328,470
600803813-4,Honorable,1235,846629,42
943903168-9,Dr,662,895211,28
235734359-1,Mr,160,400790,305
369900811-8,Ms,1320,804158,294
177079168-X,Mr,1960,522444,45
899628615-X,Mr,745,128951,782
725484954-3,Ms,1505,998810,452
208943159-8,Honorable,500,947853,420
043612290-1,Ms,1896,721891,505
378988536-3,Mrs,1052,746840,810
382406539-8,Rev,244,952899,745
530222787-8,Honorable,907,355554,24
281385672-X,Ms,1264,705985,866
976726627-5,Mrs,276,428371,475
292529224-0,Mrs,1716,55340,348
955634006-8,Mrs,256,325103,447
300314998-9,Dr,692,770936,244
921586220-X,Rev,910,653331,23
136042407-5,Honorable,553,480114,1000
945475857-8,Mrs,1311,979554,511
724963459-3,Dr,547,52811,199
678551930-6,Dr,721,103449,904
658813897-0,Mr,872,195906,847
334890571-0,Rev,951,395623,43
552860265-3,Mrs,335,388656,295
488347763-0,Ms,1047,618630,413
678074135-3,Rev,1870,503203,114
935859256-7,Rev,1434,591631,697
896039241-3,Rev,153,353046,563
138615912-3,Dr,675,775474,581
049360497-9,Honorable,1594,192679,640
765553581-7,Dr,582,155411,841
403486355-2,Ms,2004,868958,943
317627477-7,Mrs,1800,149195,623
867130757-3,Rev,738,752546,27
796143931-5,Mr,1145,999824,15
197243205-2,Mrs,1782,726650,504
494538106-2,Mrs,632,828919,300
760838868-4,Mr,32,753731,490
451123250-4,Ms,1885,507770,797
400907354-3,Rev,1893,738337,328
987653544-7,Honorable,1575,437824,884
544627561-6,Honorable,989,805159,13
328146889-6,Dr,383,956010,44
322056460-7,Dr,893,249400,329
996008368-3,Mr,1584,638254,206
516476056-8,Mrs,1006,352685,28
957756976-5,Rev,9,610182,525
905938148-3,Mr,1188,920208,22
260150284-3,Ms,413,635359,163
029095543-2,Dr,1330,588751,407
000881800-2,Ms,216,411088,44
119717134-7,Honorable,1859,498278,638
424915826-8,Ms,545,710103,46
998836759-7,Dr,1994,32033,643
408606365-4,Rev,53,599049,314
420513899-7,Ms,70,459162,720
657317761-4,Dr,1932,626390,228
744375376-4,Mrs,484,694043,664
579751574-1,Ms,1455,499378,629
233728657-6,Honorable,1936,235350,400
633455590-1,Honorable,1262,319273,135
001667509-6,Dr,663,849202,801
499077099-4,Ms,1377,352887,904
731103195-8,Ms,142,278324,607
472678051-4,Honorable,830,79657,490
278239872-5,Mr,450,40060,538
223389832-X,Mr,1585,267263,471
790508075-7,Dr,1408,173380,175
270303871-2,Dr,840,299948,419
569269746-7,Mr,445,760648,844
818375333-7,Ms,1175,142048,326
851555080-6,Mrs,1818,191118,256
953441620-7,Honorable,874,386261,306
497587507-1,Rev,68,756196,477
359645334-8,Mr,618,966152,65
527722735-0,Ms,720,742388,737
846759057-2,Honorable,1452,580760,574
208627459-9,Honorable,186,286263,824
227323990-4,Rev,1728,89827,62
669208960-3,Ms,1266,432565,762
879488610-5,Ms,903,987951,222
088474768-9,Ms,1116,442206,960
816920100-4,Rev,1168,535770,94
036901542-8,Dr,522,938093,441
903015943-X,Rev,423,750489,486
678555092-0,Dr,1977,212955,102
541925982-6,Ms,539,761934,874
340810967-2,Mrs,850,839768,99
792423130-7,Mr,1618,802045,376
723087486-6,Ms,552,3135,724
000099331-X,Rev,959,13785,784
547611747-4,Ms,1567,160116,615
733209516-5,Mr,848,364198,495
050130863-6,Honorable,1307,806377,90
705725260-9,Dr,740,75751,967
992753992-4,Mrs,746,414814,497
669328356-X,Honorable,1684,65175,4
327992147-3,Rev,1222,354864,536
171760805-1,Honorable,1444,95083,641
118231116-4,Dr,0,323315,243
522394921-8,Mr,825,319477,60
301179721-8,Dr,146,802076,447
969802744-0,Dr,1941,62309,698
110877466-0,Ms,1559,261137,386
544701883-8,Honorable,1830,891693,731
559281214-0,Dr,1309,904851,721
435131570-9,Mrs,1120,889752,667
881620524-5,Ms,1887,965379,913
282157924-1,Dr,1466,1570,277
239061585-6,Ms,161,368105,43
046281028-3,Rev,1095,502074,273
485073595-9,Dr,1907,862104,518
609245931-0,Dr,226,427683,154
748771167-6,Rev,1754,928088,358
435096723-0,Mr,1714,647338,651
286463943-2,Rev,566,343722,331
522671221-9,Honorable,1940,666872,357
075293696-4,Ms,1745,96494,898
840554258-2,Rev,637,185197,622
153206382-2,Ms,200,800007,980
499791243-3,Dr,845,162228,490
736661600-1,Mrs,1793,423506,466
475809415-2,Mrs,659,720797,524
209008025-6,Rev,1132,350307,32
223494779-0,Ms,997,669581,542
261599386-0,Mr,2008,548431,811
434146520-1,Mr,1433,977551,27
736878876-4,Honorable,205,945537,857
529698310-6,Ms,1417,158385,160
967183365-9,Mr,696,306483,951
780585766-0,Ms,779,220499,946
507239973-7,Honorable,635,751759,44
063904131-0,Ms,370,196839,303
266696389-6,Ms,277,59866,603
948311993-6,Honorable,1106,922381,532
576689833-9,Ms,1722,567830,595
594705096-X,Rev,682,462436,443
611246361-X,Honorable,295,761098,255
063204637-6,Ms,1256,905933,363
597975193-9,Dr,1909,360146,520
340102030-7,Mrs,1595,654204,25
132319452-5,Dr,420,459793,875
838838739-1,Mrs,1628,831978,487
320372409-X,Ms,47,970060,401
688045656-1,Rev,487,220125,400
001899195-5,Mr,893,112286,220
730854621-7,Dr,1661,232928,552
589235674-4,Rev,1528,375192,921
000413063-4,Ms,1280,236073,365
364074050-5,Ms,1276,209396,707
735941955-7,Ms,1698,1597,601
256557630-7,Mrs,1960,64641,585
865257698-X,Dr,1470,935741,676
085462124-5,Mr,1013,798294,756
549392751-9,Mrs,248,740827,262
196545921-8,Dr,428,767823,216
813750578-4,Honorable,1286,658353,603
602721956-4,Dr,808,48238,119
482698603-3,Honorable,859,73341,33
211874552-4,Rev,1086,224391,737
430510002-9,Ms,1052,573727,549
330857987-1,Dr,956,486658,465
347037689-1,Rev,58,843166,226
226031567-4,Mrs,1525,767319,655
163468888-0,Rev,555,630659,821
054632877-6,Mrs,614,663883,965
727816172-X,Ms,517,899926,15
724663549-1,Dr,413,938779,657
889686366-X,Rev,1661,788807,733
389015085-3,Honorable,1854,765934,863
504185035-6,Rev,178,809619,593
698243530-X,Mr,573,872887,376
660482308-3,Honorable,1690,276168,462
752788564-5,Mr,249,364072,38
255633029-5,Mrs,327,954750,708
663167106-X,Rev,972,612137,836
904725929-7,Mrs,1983,536806,912
394183060-0,Dr,401,28749,225
471564282-4,Mr,277,65246,631
136583833-1,Mrs,1718,953881,477
264438286-6,Honorable,1637,471419,756
320966555-9,Mr,628,881337,910
663922320-1,Mrs,722,2003,289
690932774-8,Ms,1827,390900,933
603439285-3,Mr,1029,128703,6
836382751-7,Rev,461,204073,648
422706643-3,Mr,2012,552031,363
308667180-7,Mr,935,242107,97
523661452-X,Ms,1237,393568,996
563990855-6,Mr,1851,652898,225
693658294-X,Ms,1158,470931,891
972492646-X,Ms,969,652745,612
312299721-5,Ms,1064,394556,777
402424643-7,Honorable,858,569658,151
113326856-0,Ms,1744,731305,467
848727524-9,Mr,505,733770,414
980693279-X,Ms,494,316753,125
933695771-6,Rev,201,606268,229
338446248-3,Ms,1311,554315,373
640968284-0,Rev,1827,773616,43
095365047-2,Dr,841,328786,75
935086498-3,Ms,1942,186963,684
705876281-3,Honorable,1305,313953,705
785764871-X,Dr,51,33907,68
785979609-0,Mr,775,479811,550
727028125-4,Mrs,195,524344,254
292364957-5,Dr,1473,182867,783
341019961-6,Honorable,688,264634,911
460899816-1,Honorable,352,735032,82
858146437-8,Mrs,123,684539,947
771642179-4,Mr,79,124981,944
530881094-X,Ms,784,535039,902
296600834-2,Ms,716,677783,786
745422274-9,Mrs,1329,936849,741
531090486-7,Ms,1542,372509,74
683544270-0,Rev,787,662124,155
106164185-6,Mr,829,951312,10
602825391-X,Ms,749,741519,36
612244702-1,Mr,522,787743,733
804971135-8,Ms,1514,907043,770
848824673-0,Rev,575,751394,481
439047147-3,Dr,1662,27246,129
480516227-9,Mr,565,861786,281
083932021-3,Mr,372,364409,88
016346465-0,Rev,486,234004,20
515299430-5,Mr,1927,617239,850
569366528-3,Dr,419,441209,42
087611726-4,Rev,388,207532,105
951033686-6,Honorable,1421,587254,472
081744804-7,Rev,133,741155,256
964034906-2,Ms,1449,261630,33
135921937-4,Mr,640,669128,0
122380684-7,Rev,389,236481,960
133700990-3,Rev,1950,874183,589
932104246-6,Dr,1528,946565,909
318315288-6,Ms,715,160552,606
402943890-3,Mr,708,324725,717
546995143-X,Mr,127,311657,140
249105520-1,Honorable,442,972165,170
287499278-X,Ms,390,289217,116
483864628-3,Rev,1246,775487,463
281217193-6,Mrs,894,805090,253
777038400-1,Mrs,941,468601,237
736258503-9,Mrs,1271,693203,581
359063619-X,Ms,1192,467379,725
752012584-X,Dr,1408,891253,858
293950769-4,Mr,1638,439849,192
020285461-2,Honorable,1843,203831,697
578768427-3,Mrs,1752,431134,606
894237438-7,Mr,567,309926,807
073008756-5,Ms,408,985136,843
699985416-5,Mrs,305,946723,630
875474923-9,Ms,668,945894,321
047769279-6,Ms,1588,822728,988
555003329-1,Rev,229,45861,814
931308721-9,Dr,517,575315,559
824360218-6,Dr,1478,695783,981
191022800-1,Rev,818,648683,368
475498999-6,Mrs,969,112199,385
421703958-1,Dr,430,978253,632
153123158-6,Mr,1939,796000,463
869327488-0,Dr,1734,471637,631
814509160-8,Mr,880,664446,588
756418959-2,Mr,1475,951331,387
378136764-9,Rev,1246,220372,622
657652695-4,Rev,282,250111,78
227401609-7,Mr,1881,735533,235
276303134-X,Ms,1482,822000,623
743794991-1,Mr,16,778232,293
283214017-3,Rev,1983,848928,612
282530724-6,Ms,1385,565256,787
500541381-2,Mrs,1959,490639,568
016235151-8,Mr,1841,39908,85
464052650-4,Dr,1585,945742,112
616133632-4,Dr,906,194965,318
032786010-3,Ms,236,31800,992
942441662-8,Ms,985,439046,916
856980188-2,Ms,1524,271719,132
405483945-2,Ms,698,775394,836
852696320-1,Mr,1736,666935,430
066473678-5,Honorable,1436,405833,192
339779143-X,Mrs,985,781556,32
425786019-7,Mr,1028,161965,718
304525018-1,Mrs,1524,303542,873
176108690-1,Dr,557,61255,323
673442053-1,Mr,1452,514701,447
712125015-2,Honorable,858,135258,175
620601072-4,Dr,1387,702825,755
529632825-6,Mr,994,19188,610
853804077-4,Ms,581,889594,171
739606124-5,Mrs,898,607928,0
518778627-X,Mrs,375,471584,560
957511113-3,Rev,483,473946,560
382274613-4,Mrs,37,602866,270
938774341-1,Mr,1719,888607,721
811823916-0,Rev,951,745058,13
870919067-8,Mrs,1419,773326,136
788776649-4,Honorable,1175,551060,68
859365432-0,Mr,62,610916,577
077606910-1,Rev,1877,371633,900
108996346-7,Rev,497,61415,105
873740768-6,Honorable,1289,425345,352
127325559-3,Ms,1540,127546,190
229108953-6,Mr,720,682447,698
555116325-3,Ms,851,543480,643
064755996-X,Dr,498,323125,189
535966596-3,Dr,810,635958,634
870899828-0,Mrs,1415,480037,626
344065522-9,Mrs,835,576860,273
861522462-5,Dr,348,325410,793
611006643-5,Mr,1428,517035,902
351724963-7,Ms,1212,794058,120
640847798-4,Mr,1407,117424,784
804986161-9,Rev,1708,895616,111
419073278-8,Mrs,1380,49280,41
699388322-8,Honorable,393,490036,692
331457976-4,Rev,1513,147186,117
539598040-7,Mr,1724,89864,763
961781263-0,Mr,313,966524,411
898179274-7,Dr,1106,554667,426
890457143-X,Ms,1925,670462,845
548579605-2,Ms,826,234668,641
488307733-0,Dr,115,494750,945
700748625-8,Rev,1076,785876,1000
319393629-4,Mrs,901,191670,783
999988053-3,Dr,1401,819885,237
883110019-X,Ms,418,834066,530
759795264-3,Mr,500,580741,904
027322060-8,Mrs,1317,546522,964
430760729-5,Honorable,1449,397673,184
196262441-2,Mr,1074,686657,178
535127588-0,Dr,1726,942548,160
287216051-5,Mrs,1795,921959,358
631660665-6,Ms,1655,246032,444
733837659-X,Honorable,992,488826,318
228215575-0,Mr,387,414398,357
674416529-1,Dr,1071,44962,200
790832897-0,Mr,1448,370243,221
083235430-9,Rev,1337,778044,595
677778669-4,Ms,571,101766,34
761762501-4,Ms,1628,764576,923
380275479-4,Mrs,1313,966276,759
114750729-5,Dr,164,668352,491
983458479-2,Ms,877,639495,158
615337674-6,Mrs,608,827528,360
187393931-0,Ms,964,252690,729
905089489-5,Ms,776,809585,99
106584104-3,Ms,416,790038,510
982211994-1,Ms,1262,542897,191
713666070-X,Mrs,1702,185430,816
764108706-X,Ms,785,596699,778
435538508-6,Dr,1585,654473,662
888571516-8,Ms,226,876786,798
654488256-9,Mr,1226,783930,203
383386811-2,Rev,196,159852,659
117435646-4,Honorable,747,149872,707
775339099-6,Mrs,106,53932,28
193650767-6,Rev,1651,788410,62
434061144-1,Ms,425,23388,416
842569709-3,Mr,1369,430890,365
051517762-8,Mr,1740,589803,425
456844953-7,Rev,1008,852884,277
455561702-9,Honorable,964,505972,995
967929786-1,Ms,145,56859,494
904397877-9,Dr,207,859468,136
233656128-X,Ms,424,87548,681
521137205-0,Dr,1811,59647,42
011697543-1,Rev,108,786241,691
278007510-4,Dr,1513,896587,794
950283441-0,Rev,629,723574,123
867209917-6,Ms,1613,212702,937
036855700-6,Rev,351,366576,79
482101817-9,Mr,697,464518,507
952921560-6,Mrs,199,972000,723
833405026-7,Mrs,815,712077,981
712353353-4,Mrs,1273,626491,893
798981519-2,Mrs,162,971307,716
020951202-4,Rev,1517,380850,70
488079591-7,Mrs,1063,891606,3
010538277-9,Rev,1154,161812,213
428828663-8,Honorable,467,634447,933
867419727-2,Honorable,583,201787,100
667790969-7,Honorable,184,155222,903
196033031-4,Mrs,481,462084,63
690045947-1,Rev,199,469340,636
083642779-3,Ms,476,476404,154
588395660-2,Honorable,1719,903528,47
414436600-6,Dr,395,86857,467
086175995-8,Mrs,716,1163,616
461823489-X,Dr,1529,21504,895
808299162-3,Mrs,439,400580,96
954982428-4,Honorable,887,333658,530
958051692-8,Mr,492,324400,717
922804497-7,Mr,13,846746,78
184898579-7,Dr,1692,122699,396
068715461-8,Ms,549,746559,132
834315916-0,Mr,524,439261,896
252387664-7,Dr,963,941001,117
889797204-7,Ms,1379,819081,604
809334933-2,Honorable,1370,295336,295
813405542-7,Mrs,741,197008,65
510051138-9,Mrs,15,362775,820
612830282-3,Honorable,358,743247,196
210948528-0,Dr,1133,985587,466
162947145-3,Rev,1518,889616,860
268737411-3,Mrs,1538,137551,294
766441274-9,Mr,488,987527,94
815997800-6,Mr,1963,317524,722
828753935-8,Ms,1507,852453,14
613772977-X,Dr,1846,687163,607
474246036-7,Dr,493,160781,256
447948899-5,Mrs,544,444556,558
467035275-X,Dr,875,141185,855
214015900-4,Mr,1127,125037,365
113710638-7,Honorable,641,112532,27
092032592-0,Mr,96,479911,35
482101522-6,Mr,463,568195,389
366538628-4,Dr,274,100399,958
329058542-5,Mr,16,192237,331
944466502-X,Honorable,1737,726980,715
241155091-X,Rev,1961,248377,877
667474151-5,Honorable,963,359224,661
882445191-8,Dr,1093,530021,332
502459876-8,Mr,853,273513,449
817602105-9,Rev,1360,889887,429
214693954-0,Mrs,1268,59109,595
240240316-0,Mrs,105,126623,824
063501191-3,Dr,592,503606,789
210690267-0,Mrs,1960,136867,759
967268299-9,Rev,417,17348,725
789862590-0,Ms,705,248997,317
861998888-3,Mrs,1745,480356,686
567341832-9,Mrs,1456,477333,301
609630965-8,Ms,1153,513029,439
175807602-X,Honorable,877,802639,78
817873776-0,Honorable,665,942358,154
629843752-5,Mr,646,743602,656
088793801-9,Mr,195,789458,365
341444639-1,Rev,1920,706763,316
579214634-9,Mr,1343,122301,988
131049211-5,Honorable,1612,108075,638
061007516-0,Honorable,891,851757,780
384882397-7,Mr,1920,91363,434
259036390-7,Rev,1439,749366,588
524487065-3,Ms,1939,107217,139
348236574-1,Honorable,1302,251665,103
121229387-8,Honorable,1460,519904,127
984234453-3,Ms,1255,697532,36
861968713-1,Honorable,990,370216,244
660359551-6,Rev,922,795404,567
185727034-7,Dr,1985,698608,805
991092498-6,Honorable,246,466322,107
564532592-3,Honorable,1290,3476,894
771418163-X,Mrs,1187,180830,733
894159212-7,Dr,1900,827473,430
515429852-7,Mrs,1158,722266,457
181550917-1,Dr,1840,53320,942
357035178-5,Mrs,269,350874,730
309092545-1,Honorable,1141,676437,744
231075180-4,Mr,1017,258622,892
414745162-4,Honorable,860,713353,418
860478378-4,Rev,522,33135,841
186258110-X,Honorable,119,211741,989
158792336-X,Honorable,752,550421,701
492380129-8,Honorable,618,281733,796
615303255-9,Rev,24,551528,903
774003251-4,Mrs,1609,879346,524
836140371-X,Ms,1951,263709,137
930676964-4,Mrs,1947,598520,849
429908319-9,Rev,503,581017,598
236327907-7,Honorable,2002,269011,37
501074195-4,Mr,744,29131,569
734375134-4,Mrs,43,31972,827
741447113-6,Honorable,430,748696,271
521282609-8,Dr,791,561106,977
911488639-1,Rev,886,948465,135
577090433-X,Dr,941,433358,344
371140280-1,Mrs,452,407395,859
522430591-8,Rev,925,302179,962
680857985-7,Mr,1746,525742,829
425008656-9,Ms,1566,157958,187
883507499-1,Ms,984,156700,429
555843466-X,Rev,220,790343,925
097051109-4,Honorable,1950,398560,118
051937141-0,Honorable,901,476206,888
071765477-X,Mrs,1703,623218,530
234808427-9,Mr,308,645551,484
219985575-9,Ms,1657,57108,532
377744402-2,Dr,664,41126,538
092384932-7,Mrs,278,133810,1
310670275-3,Ms,1313,555914,928
280493924-3,Rev,1787,755814,536
770325617-X,Mrs,895,939822,802
762575581-9,Honorable,181,431995,933
008484378-0,Ms,278,201716,558
602722092-9,Mrs,0,266031,779
915017234-4,Mr,223,408390,17
427700259-5,Mr,1105,595369,359
320511880-4,Mr,606,749460,23
296239099-4,Dr,1851,449250,911
816195138-1,Ms,235,897180,529
684057319-2,Mrs,178,106761,168
460421511-1,Dr,1034,813912,832
649077430-5,Ms,1416,352116,626
275113806-3,Mr,1682,529263,837
759143741-0,Mrs,350,860773,263
357848393-1,Mr,1463,429296,282
890548824-2,Ms,44,248710,63
177411163-2,Dr,319,762539,868
007856807-2,Dr,555,356201,821
785081825-3,Dr,1364,981444,35
511348811-9,Rev,1769,186001,359
697168851-1,Mr,1964,577705,539
194052806-2,Honorable,510,511388,956
805567176-1,Mr,298,392156,12
826114554-9,Honorable,1170,864718,664
559269892-5,Honorable,1491,668197,243
308389120-2,Honorable,1538,609640,359
567851629-9,Dr,526,402054,236
714158762-4,Honorable,1711,654350,185
252596199-4,Ms,1435,762499,359
363186202-4,Ms,931,596645,137
898969647-X,Mrs,1123,150145,601
607119879-8,Ms,1544,894673,613
068183622-9,Mr,1776,724231,547
069762775-6,Mr,250,520566,55
067869421-4,Mrs,968,597124,793
191934200-1,Honorable,645,932123,349
596491880-8,Mr,1537,998129,60
160287413-1,Honorable,202,492053,105
444706899-0,Ms,681,269480,166
201758181-X,Ms,1455,294225,129
434432631-8,Rev,1186,719904,963
747931787-5,Honorable,283,711380,873
504834913-X,Mrs,1524,358254,949
621863865-0,Honorable,350,904222,882
372265782-2,Mrs,1854,904003,700
000893274-3,Dr,60,420684,790
186634294-0,Mr,914,233635,105
668963800-6,Dr,1601,698139,836
059993043-8,Dr,1562,750231,274
821223501-7,Mrs,1977,49827,581
528034308-0,Mr,1989,400813,182
248733657-9,Mr,1163,693256,45
287156454-X,Ms,1395,843796,87
174471917-9,Dr,374,900631,762
207669746-2,Mrs,1771,834000,555
510838164-6,Rev,427,444060,885
021349077-3,Rev,1691,256165,327
173174079-4,Ms,1839,960246,295
823090393-X,Mrs,669,980386,655
566993517-9,Mrs,1780,840235,501
138520858-9,Dr,1629,534067,775
399103419-0,Mr,540,257366,704
025437813-7,Honorable,1333,875941,887
783516809-X,Ms,1790,94998,89
258266903-2,Rev,1941,72775,950
092104128-4,Honorable,645,793710,170
311744013-5,Mrs,1596,889902,633
464810858-2,Mrs,1980,58440,126
015167084-6,Dr,1588,848245,567
089748320-0,Mr,1141,117595,828
676199589-2,Rev,516,748838,454
209902434-0,Dr,1665,297403,614
857524032-3,Ms,35,477914,822
430693172-2,Ms,730,541795,883
058664477-6,Honorable,81,349680,124
968735625-1,Mr,1983,227265,393
531744396-2,Ms,381,226788,655
662411619-6,Honorable,970,163247,384
870227937-1,Mr,93,324256,353
703891956-3,Rev,26,900048,545
671217410-4,Honorable,1154,217360,84
193310608-5,Ms,1460,518951,908
532171290-5,Dr,1060,895876,457
813127356-3,Dr,857,380336,380
934271633-4,Mr,1054,916430,822
519910175-7,Mrs,781,673242,767
009534975-8,Dr,510,103813,649
634578834-1,Rev,1651,674594,888
083335079-X,Ms,351,74634,330
304298296-3,Mrs,437,348086,740
566027150-2,Dr,1220,611996,566
354842285-3,Mr,476,689640,387
812014108-3,Mrs,462,333029,513
203846708-0,Rev,189,344764,624
330679547-X,Mr,1314,622302,278
066280325-6,Ms,871,81022,748
060477994-1,Mr,1634,630790,744
444582142-X,Mrs,939,235322,363
517785831-6,Honorable,264,669530,898
528095569-8,Dr,1302,279792,555
023613378-0,Honorable,295,539318,59
084858730-8,Ms,1650,600810,15
811241666-4,Mrs,12,301284,838
991096788-X,Mrs,1326,462361,591
507297074-4,Mr,1418,658320,72
792866482-8,Dr,956,238170,169
512437965-0,Honorable,1755,50902,644
563506907-X,Ms,588,510733,920
588259693-9,Rev,1986,914872,157
999998077-5,Ms,389,256284,896
489019049-X,Rev,1128,390078,409
578761424-0,Dr,1285,248295,962
647421251-9,Honorable,750,897154,107
970974381-3,Mr,28,986444,230
843026097-8,Mrs,2002,427932,526
390360652-9,Mr,1536,245043,530
345169925-7,Ms,1588,925756,701
307161454-3,Mr,417,3501,438
371625878-4,Mrs,1159,121470,186
067019129-9,Ms,1136,564290,372
490965523-9,Rev,1035,254627,375
283818054-1,Mrs,526,994982,764
702702303-2,Ms,155,854889,829
167355263-3,Honorable,972,294438,760
121156977-2,Mrs,1638,997546,5
162731596-9,Dr,764,33388,615
688874111-7,Honorable,174,634415,262
149760429-X,Honorable,1672,439414,899
726214082-5,Ms,1320,537111,825
615960300-0,Mrs,1938,206709,877
216773059-4,Dr,237,71601,842
257772124-2,Mrs,310,495718,980
812994560-6,Ms,1519,364182,63
199917632-4,Ms,628,733360,312
312268960-X,Rev,606,142743,728
397462188-1,Mr,980,477336,276
377089959-8,Mr,1502,16518,994
708006600-X,Dr,732,442680,630
253824641-5,Rev,1153,832454,746
358993001-2,Honorable,343,587728,524
701111344-4,Mr,48,697254,505
200531547-8,Honorable,1976,625615,117
618620155-4,Honorable,761,554986,763
503155737-0,Ms,7,988866,335
522453265-5,Dr,223,958127,37
316206280-2,Rev,1116,689333,544
651363572-1,Rev,877,761706,925
592916725-7,Ms,651,421204,351
149907133-7,Honorable,1703,372090,939
985310342-7,Honorable,1201,789203,374
823678182-8,Mrs,1855,141892,21
166728281-6,Mrs,1836,591044,296
063802748-9,Dr,327,173396,199
594497498-2,Rev,1544,36178,225
657425083-8,Honorable,480,307033,850
290571619-3,Dr,188,364669,648
523152601-0,Rev,1785,682868,185
640122101-1,Mr,1589,764004,544
568775852-6,Honorable,954,255410,111
993266050-7,Rev,975,566251,903
659427638-7,Rev,81,918003,325
656257827-2,Mrs,1473,639936,737
608263281-8,Dr,588,951148,587
638759290-9,Ms,649,361786,202
270230150-9,Mrs,1755,583313,828
933185023-9,Rev,180,394658,106
399012892-2,Ms,1847,535870,833
192378868-X,Mrs,28,856403,770
202791062-X,Mr,754,86463,393
436262841-X,Dr,1460,293407,329
522583939-8,Dr,632,424790,541
137647220-1,Dr,1666,963484,813
318961464-4,Mr,1113,703989,496
279907138-4,Rev,240,472988,486
231268894-8,Mr,866,742312,120
383052060-3,Ms,32,496007,322
884260072-5,Honorable,576,688597,825
159933948-X,Honorable,1507,827609,128
095858063-4,Honorable,1197,518106,919
067406022-9,Dr,1693,806221,497
709502973-3,Ms,1445,630773,587
088750075-7,Ms,1096,97095,181
873073317-0,Mr,457,333269,277
580553624-2,Ms,1671,84094,330
206933971-8,Honorable,1645,367738,86
878842690-4,Ms,1376,813683,46
340338399-7,Dr,351,107184,394
334341830-7,Ms,362,345023,749
379102479-5,Mr,909,424870,593
763439417-3,Dr,824,618201,76
942417725-9,Honorable,1398,488847,171
912735505-5,Ms,343,109613,10
779471179-7,Honorable,946,441759,855
894691703-2,Dr,1016,734748,277
296798760-3,Rev,331,772889,187
855762134-5,Ms,1,235562,268
048743656-3,Ms,372,213497,857
915330177-3,Rev,1029,146014,107
436386292-0,Mrs,1722,436762,404
739834541-0,Ms,832,618573,795
810152448-7,Mrs,833,710183,668
418140035-2,Ms,1665,478220,51
004546608-4,Mr,1137,767843,344
754271535-6,Honorable,1402,260177,535
130382918-5,Ms,1417,627821,600
748468468-6,Mrs,595,792064,612
667563759-2,Dr,1185,112876,602
663676272-1,Honorable,889,214439,365
049709042-2,Mrs,1521,958779,737
387803458-X,Ms,129,630423,288
255912146-8,Rev,1859,163583,859
994361223-1,Rev,479,804591,127
185501379-7,Mrs,1915,563835,23
796298439-2,Ms,1526,678043,413
701657623-X,Mrs,269,388856,933
068194277-0,Mr,1019,986407,969
259313225-6,Mr,305,265353,497
613247724-1,Rev,1607,644643,411
909425167-1,Honorable,1859,969488,664
548826416-7,Mr,710,631491,945
672650291-5,Mrs,1655,652220,343
106393646-2,Rev,1615,432727,600
939264519-8,Rev,644,906587,202
540901921-0,Dr,594,995343,830
887093813-1,Mrs,938,723829,732
331633241-3,Mrs,1557,929216,772
329629702-2,Mrs,1399,82605,615
603780757-4,Mrs,1440,7077,564
132949773-2,Mr,1651,685377,332
204694984-6,Mrs,143,539780,455
110969292-7,Ms,535,444813,676
324454718-4,Dr,239,813950,200
286068974-5,Honorable,593,943278,275
541932771-6,Dr,1388,536285,250
882191338-4,Mrs,1591,131296,892
878225739-6,Rev,1446,544520,590
673241813-0,Mr,1960,456023,101
557743179-4,Mrs,1463,857714,307
031826572-9,Ms,217,636308,108
805861983-3,Mr,1574,829692,721
921896860-2,Rev,1808,451295,558
724104341-3,Rev,1083,574418,896
642775459-9,Ms,1834,972926,527
593558332-1,Mr,1235,325644,765
102131989-9,Ms,1374,262715,391
525427633-9,Mrs,786,844120,986
394312816-4,Honorable,990,561072,175
504686092-9,Ms,1448,623766,755
142855898-5,Mrs,1836,317447,650
775920194-X,Rev,1974,559515,163
075318726-4,Mrs,1469,267528,34
891990937-7,Rev,177,122662,561
451113199-6,Rev,243,662055,448
805278750-5,Honorable,207,671783,297
538011553-5,Honorable,1906,744492,228
827617916-9,Rev,1081,627769,302
897403658-4,Ms,1477,747914,277
401955562-1,Dr,301,362349,766
228957510-0,Honorable,1360,714561,545
980104689-9,Dr,1531,616026,772
904217665-2,Rev,10,773914,889
752567416-7,Rev,976,766811,720
922140524-9,Dr,1748,667370,582
876129957-X,Mrs,1675,981490,603
672688800-7,Ms,1793,105534,558
381994561-X,Mr,765,78881,439
349818239-0,Dr,942,317242,528
637239555-X,Mrs,1000,313690,16
780237968-7,Rev,1579,69131,325
784517992-2,Ms,1052,811395,395
815330724-X,Rev,321,545518,507
484437053-7,Mrs,1931,571857,249
582374754-3,Dr,105,310882,495
077180125-4,Mrs,935,608566,745
526601622-1,Honorable,1121,280458,114
884383524-6,Mrs,1857,915961,947
429235044-2,Rev,1103,284435,763
455577178-8,Ms,483,735175,600
082822272-X,Ms,1273,296473,253
776077308-0,Mr,72,391032,200
848287791-7,Honorable,857,13339,793
679570110-7,Rev,560,741653,838
886556476-8,Dr,1808,974588,612
088773300-X,Dr,1212,141542,840
067439478-X,Ms,861,876354,347
917679331-1,Honorable,1217,969958,150
734955956-9,Ms,1143,639522,846
477449976-5,Mr,1593,640118,626
448723330-5,Rev,1880,904237,752
524540258-0,Ms,1346,870232,27
255404586-0,Mrs,596,558267,123
803262151-2,Honorable,469,206545,19
917551872-4,Honorable,1534,655986,256
581889633-1,Dr,1711,613297,58
667524283-0,Mr,1159,828425,71
090293998-X,Rev,1849,699352,68
717126277-4,Honorable,1170,117901,650
817861728-5,Mr,730,131768,865
226136639-6,Mrs,1233,372404,532
633917166-4,Mrs,436,100717,490
832159017-9,Rev,1066,863746,727
211293283-7,Rev,1896,66582,709
890050767-2,Mr,1652,412829,164
298609943-2,Mrs,1229,437466,549
525622261-9,Ms,1185,433386,312
309163394-2,Honorable,576,98834,351
692240993-0,Honorable,1332,727950,482
341209423-4,Rev,1444,420340,679
248208470-9,Mr,428,2677,946
898437678-7,Mrs,1284,432192,850
240765239-8,Rev,467,934414,118
738913268-X,Ms,1135,219978,632
779772266-8,Mr,1031,220871,295
847380003-6,Dr,103,667964,0
925954591-9,Mr,1376,894753,926
879949151-6,Dr,1674,529923,870
081752713-3,Honorable,667,594849,924
938122751-9,Rev,1452,850603,839
848991910-0,Dr,1268,962265,35
367278692-6,Dr,513,756793,807
